1;Parking Lot;1
2;Playground;1
3;Parking Lot;2
4;Playground;2
5;Spa;2
6;Pool;2
7;Parking Lot;3
8;Playground;3
9;Spa;3
10;Pool;3
11;Nightclub;3
12;Parking Lot;4
13;Playground;4
14;Spa;4
15;Pool;4
16;Nightclub;4
17;Parking Lot;5
18;Playground;5
19;Parking Lot;6
20;Playground;6
21;Spa;6
22;Parking Lot;7
23;Playground;7
24;Spa;7
25;Pool;7
26;Parking Lot;8
27;Playground;8
28;Spa;8
29;Pool;8
30;Nightclub;8
31;Parking Lot;9
32;Playground;9
33;Parking Lot;10
34;Playground;10
35;Parking Lot;11
36;Playground;11
37;Spa;11
38;Pool;11
39;Parking Lot;12
40;Playground;12
41;Spa;12
42;Pool;12
43;Parking Lot;13
44;Playground;13
45;Spa;13
46;Pool;13
47;Parking Lot;14
48;Playground;14
49;Spa;14
50;Pool;14
51;Nightclub;14
52;Parking Lot;15
53;Playground;15
54;Spa;15
55;Pool;15
56;Nightclub;15
57;Parking Lot;16
58;Playground;16
59;Spa;16
60;Pool;16
61;Nightclub;16
62;Parking Lot;17
63;Playground;17
64;Spa;17
65;Pool;17
66;Parking Lot;18
67;Playground;18
68;Spa;18
69;Pool;18
70;Nightclub;18
71;Parking Lot;19
72;Playground;19
73;Parking Lot;20
74;Playground;20
75;Spa;20
76;Parking Lot;21
77;Playground;21
78;Spa;21
79;Pool;21
80;Parking Lot;22
81;Playground;22
82;Spa;22
83;Parking Lot;23
84;Playground;23
85;Spa;23
86;Pool;23
87;Parking Lot;24
88;Playground;24
89;Spa;24
90;Parking Lot;25
91;Playground;25
92;Parking Lot;26
93;Playground;26
94;Spa;26
95;Pool;26
96;Nightclub;26
97;Parking Lot;27
98;Playground;27
99;Parking Lot;28
100;Playground;28
101;Parking Lot;29
102;Playground;29
103;Spa;29
104;Parking Lot;30
105;Playground;30
106;Spa;30
107;Parking Lot;31
108;Playground;31
109;Parking Lot;32
110;Playground;32
111;Spa;32
112;Parking Lot;33
113;Playground;33
114;Spa;33
115;Parking Lot;34
116;Playground;34
117;Spa;34
118;Pool;34
119;Nightclub;34
120;Parking Lot;35
121;Playground;35
122;Parking Lot;36
123;Playground;36
124;Spa;36
125;Pool;36
126;Nightclub;36
127;Parking Lot;37
128;Playground;37
129;Spa;37
130;Pool;37
131;Parking Lot;38
132;Playground;38
133;Spa;38
134;Pool;38
135;Nightclub;38
136;Parking Lot;39
137;Playground;39
138;Spa;39
139;Pool;39
140;Parking Lot;40
141;Playground;40
142;Spa;40
143;Parking Lot;41
144;Playground;41
145;Spa;41
146;Pool;41
147;Nightclub;41
148;Parking Lot;42
149;Playground;42
150;Spa;42
151;Parking Lot;43
152;Playground;43
153;Spa;43
154;Pool;43
155;Parking Lot;44
156;Playground;44
157;Spa;44
158;Parking Lot;45
159;Playground;45
160;Spa;45
161;Pool;45
162;Parking Lot;46
163;Playground;46
164;Spa;46
165;Pool;46
166;Nightclub;46
167;Parking Lot;47
168;Playground;47
169;Parking Lot;48
170;Playground;48
171;Spa;48
172;Parking Lot;49
173;Playground;49
174;Spa;49
175;Pool;49
176;Parking Lot;50
177;Playground;50
178;Spa;50
179;Pool;50
180;Nightclub;50
181;Parking Lot;51
182;Playground;51
183;Spa;51
184;Pool;51
185;Parking Lot;52
186;Playground;52
187;Spa;52
188;Parking Lot;53
189;Playground;53
190;Spa;53
191;Pool;53
192;Parking Lot;54
193;Playground;54
194;Spa;54
195;Pool;54
196;Parking Lot;55
197;Playground;55
198;Spa;55
199;Pool;55
200;Nightclub;55
201;Parking Lot;56
202;Playground;56
203;Spa;56
204;Pool;56
205;Parking Lot;57
206;Playground;57
207;Spa;57
208;Parking Lot;58
209;Playground;58
210;Spa;58
211;Pool;58
212;Nightclub;58
213;Parking Lot;59
214;Playground;59
215;Spa;59
216;Pool;59
217;Nightclub;59
218;Parking Lot;60
219;Playground;60
220;Spa;60
221;Parking Lot;61
222;Playground;61
223;Spa;61
224;Pool;61
225;Nightclub;61
226;Parking Lot;62
227;Playground;62
228;Spa;62
229;Parking Lot;63
230;Playground;63
231;Parking Lot;64
232;Playground;64
233;Spa;64
234;Pool;64
235;Parking Lot;65
236;Playground;65
237;Spa;65
238;Parking Lot;66
239;Playground;66
240;Spa;66
241;Parking Lot;67
242;Playground;67
243;Spa;67
244;Parking Lot;68
245;Playground;68
246;Spa;68
247;Pool;68
248;Parking Lot;69
249;Playground;69
250;Spa;69
251;Pool;69
252;Parking Lot;70
253;Playground;70
254;Spa;70
255;Pool;70
256;Nightclub;70
257;Parking Lot;71
258;Playground;71
259;Spa;71
260;Parking Lot;72
261;Playground;72
262;Spa;72
263;Pool;72
264;Parking Lot;73
265;Playground;73
266;Spa;73
267;Parking Lot;74
268;Playground;74
269;Parking Lot;75
270;Playground;75
271;Spa;75
272;Pool;75
273;Parking Lot;76
274;Playground;76
275;Spa;76
276;Parking Lot;77
277;Playground;77
278;Parking Lot;78
279;Playground;78
280;Spa;78
281;Pool;78
282;Nightclub;78
283;Parking Lot;79
284;Playground;79
285;Spa;79
286;Pool;79
287;Parking Lot;80
288;Playground;80
289;Spa;80
290;Parking Lot;81
291;Playground;81
292;Spa;81
293;Pool;81
294;Nightclub;81
295;Parking Lot;82
296;Playground;82
297;Parking Lot;83
298;Playground;83
299;Spa;83
300;Pool;83
301;Parking Lot;84
302;Playground;84
303;Parking Lot;85
304;Playground;85
305;Spa;85
306;Pool;85
307;Parking Lot;86
308;Playground;86
309;Spa;86
310;Parking Lot;87
311;Playground;87
312;Spa;87
313;Pool;87
314;Nightclub;87
315;Parking Lot;88
316;Playground;88
317;Spa;88
318;Pool;88
319;Nightclub;88
320;Parking Lot;89
321;Playground;89
322;Spa;89
323;Pool;89
324;Nightclub;89
325;Parking Lot;90
326;Playground;90
327;Spa;90
328;Pool;90
329;Parking Lot;91
330;Playground;91
331;Parking Lot;92
332;Playground;92
333;Parking Lot;93
334;Playground;93
335;Parking Lot;94
336;Playground;94
337;Spa;94
338;Pool;94
339;Nightclub;94
340;Parking Lot;95
341;Playground;95
342;Parking Lot;96
343;Playground;96
344;Spa;96
345;Pool;96
346;Nightclub;96
347;Parking Lot;97
348;Playground;97
349;Spa;97
350;Parking Lot;98
351;Playground;98
352;Spa;98
353;Pool;98
354;Parking Lot;99
355;Playground;99
356;Spa;99
357;Pool;99
358;Parking Lot;100
359;Playground;100
360;Spa;100
361;Pool;100
362;Parking Lot;101
363;Playground;101
364;Spa;101
365;Pool;101
366;Nightclub;101
367;Parking Lot;102
368;Playground;102
369;Parking Lot;103
370;Playground;103
371;Parking Lot;104
372;Playground;104
373;Spa;104
374;Pool;104
375;Parking Lot;105
376;Playground;105
377;Spa;105
378;Parking Lot;106
379;Playground;106
380;Spa;106
381;Pool;106
382;Nightclub;106
383;Parking Lot;107
384;Playground;107
385;Spa;107
386;Parking Lot;108
387;Playground;108
388;Spa;108
389;Pool;108
390;Parking Lot;109
391;Playground;109
392;Spa;109
393;Pool;109
394;Parking Lot;110
395;Playground;110
396;Spa;110
397;Pool;110
398;Parking Lot;111
399;Playground;111
400;Spa;111
401;Pool;111
402;Nightclub;111
403;Parking Lot;112
404;Playground;112
405;Spa;112
406;Parking Lot;113
407;Playground;113
408;Spa;113
409;Pool;113
410;Parking Lot;114
411;Playground;114
412;Spa;114
413;Pool;114
414;Nightclub;114
415;Parking Lot;115
416;Playground;115
417;Parking Lot;116
418;Playground;116
419;Spa;116
420;Pool;116
421;Nightclub;116
422;Parking Lot;117
423;Playground;117
424;Spa;117
425;Pool;117
426;Parking Lot;118
427;Playground;118
428;Spa;118
429;Pool;118
430;Parking Lot;119
431;Playground;119
432;Spa;119
433;Pool;119
434;Nightclub;119
435;Parking Lot;120
436;Playground;120
437;Spa;120
438;Parking Lot;121
439;Playground;121
440;Parking Lot;122
441;Playground;122
442;Spa;122
443;Pool;122
444;Nightclub;122
445;Parking Lot;123
446;Playground;123
447;Parking Lot;124
448;Playground;124
449;Spa;124
450;Pool;124
451;Parking Lot;125
452;Playground;125
453;Spa;125
454;Parking Lot;126
455;Playground;126
456;Spa;126
457;Parking Lot;127
458;Playground;127
459;Spa;127
460;Pool;127
461;Parking Lot;128
462;Playground;128
463;Spa;128
464;Pool;128
465;Nightclub;128
466;Parking Lot;129
467;Playground;129
468;Spa;129
469;Pool;129
470;Nightclub;129
471;Parking Lot;130
472;Playground;130
473;Spa;130
474;Pool;130
475;Nightclub;130
476;Parking Lot;131
477;Playground;131
478;Spa;131
479;Pool;131
480;Nightclub;131
481;Parking Lot;132
482;Playground;132
483;Spa;132
484;Parking Lot;133
485;Playground;133
486;Spa;133
487;Parking Lot;134
488;Playground;134
489;Spa;134
490;Pool;134
491;Parking Lot;135
492;Playground;135
493;Parking Lot;136
494;Playground;136
495;Parking Lot;137
496;Playground;137
497;Spa;137
498;Pool;137
499;Nightclub;137
500;Parking Lot;138
501;Playground;138
502;Spa;138
503;Parking Lot;139
504;Playground;139
505;Spa;139
506;Pool;139
507;Nightclub;139
508;Parking Lot;140
509;Playground;140
510;Spa;140
511;Pool;140
512;Parking Lot;141
513;Playground;141
514;Spa;141
515;Pool;141
516;Nightclub;141
517;Parking Lot;142
518;Playground;142
519;Spa;142
520;Pool;142
521;Parking Lot;143
522;Playground;143
523;Spa;143
524;Pool;143
525;Nightclub;143
526;Parking Lot;144
527;Playground;144
528;Parking Lot;145
529;Playground;145
530;Spa;145
531;Pool;145
532;Nightclub;145
533;Parking Lot;146
534;Playground;146
535;Spa;146
536;Pool;146
537;Parking Lot;147
538;Playground;147
539;Spa;147
540;Parking Lot;148
541;Playground;148
542;Spa;148
543;Pool;148
544;Nightclub;148
545;Parking Lot;149
546;Playground;149
547;Spa;149
548;Pool;149
549;Parking Lot;150
550;Playground;150
551;Parking Lot;151
552;Playground;151
553;Spa;151
554;Pool;151
555;Nightclub;151
556;Parking Lot;152
557;Playground;152
558;Parking Lot;153
559;Playground;153
560;Spa;153
561;Pool;153
562;Nightclub;153
563;Parking Lot;154
564;Playground;154
565;Spa;154
566;Pool;154
567;Nightclub;154
568;Parking Lot;155
569;Playground;155
570;Spa;155
571;Parking Lot;156
572;Playground;156
573;Spa;156
574;Pool;156
575;Nightclub;156
576;Parking Lot;157
577;Playground;157
578;Parking Lot;158
579;Playground;158
580;Spa;158
581;Pool;158
582;Nightclub;158
583;Parking Lot;159
584;Playground;159
585;Spa;159
586;Parking Lot;160
587;Playground;160
588;Parking Lot;161
589;Playground;161
590;Spa;161
591;Parking Lot;162
592;Playground;162
593;Spa;162
594;Parking Lot;163
595;Playground;163
596;Spa;163
597;Parking Lot;164
598;Playground;164
599;Parking Lot;165
600;Playground;165
601;Spa;165
602;Pool;165
603;Parking Lot;166
604;Playground;166
605;Spa;166
606;Parking Lot;167
607;Playground;167
608;Parking Lot;168
609;Playground;168
610;Spa;168
611;Parking Lot;169
612;Playground;169
613;Spa;169
614;Pool;169
615;Parking Lot;170
616;Playground;170
617;Spa;170
618;Pool;170
619;Parking Lot;171
620;Playground;171
621;Spa;171
622;Parking Lot;172
623;Playground;172
624;Spa;172
625;Pool;172
626;Nightclub;172
627;Parking Lot;173
628;Playground;173
629;Spa;173
630;Pool;173
631;Parking Lot;174
632;Playground;174
633;Spa;174
634;Pool;174
635;Parking Lot;175
636;Playground;175
637;Spa;175
638;Parking Lot;176
639;Playground;176
640;Spa;176
641;Pool;176
642;Parking Lot;177
643;Playground;177
644;Spa;177
645;Parking Lot;178
646;Playground;178
647;Spa;178
648;Pool;178
649;Parking Lot;179
650;Playground;179
651;Spa;179
652;Parking Lot;180
653;Playground;180
654;Spa;180
655;Pool;180
656;Nightclub;180
657;Parking Lot;181
658;Playground;181
659;Spa;181
660;Pool;181
661;Nightclub;181
662;Parking Lot;182
663;Playground;182
664;Parking Lot;183
665;Playground;183
666;Spa;183
667;Pool;183
668;Nightclub;183
669;Parking Lot;184
670;Playground;184
671;Parking Lot;185
672;Playground;185
673;Spa;185
674;Parking Lot;186
675;Playground;186
676;Spa;186
677;Parking Lot;187
678;Playground;187
679;Spa;187
680;Parking Lot;188
681;Playground;188
682;Spa;188
683;Parking Lot;189
684;Playground;189
685;Spa;189
686;Pool;189
687;Parking Lot;190
688;Playground;190
689;Spa;190
690;Parking Lot;191
691;Playground;191
692;Spa;191
693;Parking Lot;192
694;Playground;192
695;Spa;192
696;Parking Lot;193
697;Playground;193
698;Parking Lot;194
699;Playground;194
700;Spa;194
701;Pool;194
702;Parking Lot;195
703;Playground;195
704;Parking Lot;196
705;Playground;196
706;Parking Lot;197
707;Playground;197
708;Spa;197
709;Parking Lot;198
710;Playground;198
711;Spa;198
712;Parking Lot;199
713;Playground;199
714;Spa;199
715;Pool;199
716;Nightclub;199
717;Parking Lot;200
718;Playground;200
719;Spa;200
720;Pool;200
721;Parking Lot;201
722;Playground;201
723;Parking Lot;202
724;Playground;202
725;Spa;202
726;Parking Lot;203
727;Playground;203
728;Parking Lot;204
729;Playground;204
730;Spa;204
731;Pool;204
732;Parking Lot;205
733;Playground;205
734;Spa;205
735;Parking Lot;206
736;Playground;206
737;Parking Lot;207
738;Playground;207
739;Spa;207
740;Pool;207
741;Parking Lot;208
742;Playground;208
743;Parking Lot;209
744;Playground;209
745;Parking Lot;210
746;Playground;210
747;Parking Lot;211
748;Playground;211
749;Parking Lot;212
750;Playground;212
751;Spa;212
752;Pool;212
753;Nightclub;212
754;Parking Lot;213
755;Playground;213
756;Spa;213
757;Parking Lot;214
758;Playground;214
759;Spa;214
760;Parking Lot;215
761;Playground;215
762;Spa;215
763;Pool;215
764;Nightclub;215
765;Parking Lot;216
766;Playground;216
767;Spa;216
768;Pool;216
769;Nightclub;216
770;Parking Lot;217
771;Playground;217
772;Spa;217
773;Parking Lot;218
774;Playground;218
775;Spa;218
776;Parking Lot;219
777;Playground;219
778;Spa;219
779;Parking Lot;220
780;Playground;220
781;Parking Lot;221
782;Playground;221
783;Spa;221
784;Pool;221
785;Nightclub;221
786;Parking Lot;222
787;Playground;222
788;Spa;222
789;Pool;222
790;Parking Lot;223
791;Playground;223
792;Parking Lot;224
793;Playground;224
794;Parking Lot;225
795;Playground;225
796;Spa;225
797;Pool;225
798;Nightclub;225
799;Parking Lot;226
800;Playground;226
801;Spa;226
802;Parking Lot;227
803;Playground;227
804;Spa;227
805;Pool;227
806;Parking Lot;228
807;Playground;228
808;Spa;228
809;Pool;228
810;Nightclub;228
811;Parking Lot;229
812;Playground;229
813;Spa;229
814;Parking Lot;230
815;Playground;230
816;Parking Lot;231
817;Playground;231
818;Parking Lot;232
819;Playground;232
820;Spa;232
821;Pool;232
822;Nightclub;232
823;Parking Lot;233
824;Playground;233
825;Spa;233
826;Pool;233
827;Parking Lot;234
828;Playground;234
829;Spa;234
830;Pool;234
831;Nightclub;234
832;Parking Lot;235
833;Playground;235
834;Spa;235
835;Pool;235
836;Nightclub;235
837;Parking Lot;236
838;Playground;236
839;Parking Lot;237
840;Playground;237
841;Spa;237
842;Pool;237
843;Parking Lot;238
844;Playground;238
845;Spa;238
846;Pool;238
847;Parking Lot;239
848;Playground;239
849;Parking Lot;240
850;Playground;240
851;Spa;240
852;Parking Lot;241
853;Playground;241
854;Spa;241
855;Pool;241
856;Parking Lot;242
857;Playground;242
858;Parking Lot;243
859;Playground;243
860;Parking Lot;244
861;Playground;244
862;Parking Lot;245
863;Playground;245
864;Spa;245
865;Pool;245
866;Nightclub;245
867;Parking Lot;246
868;Playground;246
869;Spa;246
870;Pool;246
871;Parking Lot;247
872;Playground;247
873;Spa;247
874;Parking Lot;248
875;Playground;248
876;Spa;248
877;Pool;248
878;Nightclub;248
879;Parking Lot;249
880;Playground;249
881;Spa;249
882;Pool;249
883;Parking Lot;250
884;Playground;250
885;Spa;250
886;Parking Lot;251
887;Playground;251
888;Spa;251
889;Pool;251
890;Parking Lot;252
891;Playground;252
892;Parking Lot;253
893;Playground;253
894;Spa;253
895;Pool;253
896;Nightclub;253
897;Parking Lot;254
898;Playground;254
899;Spa;254
900;Pool;254
901;Parking Lot;255
902;Playground;255
903;Spa;255
904;Pool;255
905;Parking Lot;256
906;Playground;256
907;Spa;256
908;Pool;256
909;Nightclub;256
910;Parking Lot;257
911;Playground;257
912;Spa;257
913;Pool;257
914;Nightclub;257
915;Parking Lot;258
916;Playground;258
917;Spa;258
918;Pool;258
919;Nightclub;258
920;Parking Lot;259
921;Playground;259
922;Spa;259
923;Pool;259
924;Parking Lot;260
925;Playground;260
926;Spa;260
927;Pool;260
928;Nightclub;260
929;Parking Lot;261
930;Playground;261
931;Parking Lot;262
932;Playground;262
933;Parking Lot;263
934;Playground;263
935;Spa;263
936;Pool;263
937;Nightclub;263
938;Parking Lot;264
939;Playground;264
940;Parking Lot;265
941;Playground;265
942;Spa;265
943;Pool;265
944;Parking Lot;266
945;Playground;266
946;Spa;266
947;Pool;266
948;Nightclub;266
949;Parking Lot;267
950;Playground;267
951;Spa;267
952;Pool;267
953;Nightclub;267
954;Parking Lot;268
955;Playground;268
956;Spa;268
957;Parking Lot;269
958;Playground;269
959;Parking Lot;270
960;Playground;270
961;Spa;270
962;Pool;270
963;Nightclub;270
964;Parking Lot;271
965;Playground;271
966;Spa;271
967;Pool;271
968;Nightclub;271
969;Parking Lot;272
970;Playground;272
971;Parking Lot;273
972;Playground;273
973;Spa;273
974;Pool;273
975;Parking Lot;274
976;Playground;274
977;Spa;274
978;Parking Lot;275
979;Playground;275
980;Parking Lot;276
981;Playground;276
982;Spa;276
983;Pool;276
984;Nightclub;276
985;Parking Lot;277
986;Playground;277
987;Spa;277
988;Parking Lot;278
989;Playground;278
990;Spa;278
991;Pool;278
992;Parking Lot;279
993;Playground;279
994;Spa;279
995;Pool;279
996;Nightclub;279
997;Parking Lot;280
998;Playground;280
999;Spa;280
1000;Pool;280
1001;Parking Lot;281
1002;Playground;281
1003;Parking Lot;282
1004;Playground;282
1005;Parking Lot;283
1006;Playground;283
1007;Spa;283
1008;Parking Lot;284
1009;Playground;284
1010;Spa;284
1011;Parking Lot;285
1012;Playground;285
1013;Parking Lot;286
1014;Playground;286
1015;Parking Lot;287
1016;Playground;287
1017;Spa;287
1018;Pool;287
1019;Nightclub;287
1020;Parking Lot;288
1021;Playground;288
1022;Spa;288
1023;Pool;288
1024;Nightclub;288
1025;Parking Lot;289
1026;Playground;289
1027;Spa;289
1028;Pool;289
1029;Parking Lot;290
1030;Playground;290
1031;Spa;290
1032;Parking Lot;291
1033;Playground;291
1034;Spa;291
1035;Pool;291
1036;Nightclub;291
1037;Parking Lot;292
1038;Playground;292
1039;Parking Lot;293
1040;Playground;293
1041;Spa;293
1042;Pool;293
1043;Nightclub;293
1044;Parking Lot;294
1045;Playground;294
1046;Spa;294
1047;Pool;294
1048;Nightclub;294
1049;Parking Lot;295
1050;Playground;295
1051;Spa;295
1052;Pool;295
1053;Nightclub;295
1054;Parking Lot;296
1055;Playground;296
1056;Spa;296
1057;Pool;296
1058;Parking Lot;297
1059;Playground;297
1060;Parking Lot;298
1061;Playground;298
1062;Spa;298
1063;Pool;298
1064;Nightclub;298
1065;Parking Lot;299
1066;Playground;299
1067;Parking Lot;300
1068;Playground;300
1069;Spa;300
1070;Parking Lot;301
1071;Playground;301
1072;Spa;301
1073;Parking Lot;302
1074;Playground;302
1075;Parking Lot;303
1076;Playground;303
1077;Spa;303
1078;Parking Lot;304
1079;Playground;304
1080;Spa;304
1081;Parking Lot;305
1082;Playground;305
1083;Spa;305
1084;Pool;305
1085;Nightclub;305
1086;Parking Lot;306
1087;Playground;306
1088;Parking Lot;307
1089;Playground;307
1090;Spa;307
1091;Parking Lot;308
1092;Playground;308
1093;Spa;308
1094;Parking Lot;309
1095;Playground;309
1096;Spa;309
1097;Pool;309
1098;Nightclub;309
1099;Parking Lot;310
1100;Playground;310
1101;Parking Lot;311
1102;Playground;311
1103;Spa;311
1104;Parking Lot;312
1105;Playground;312
1106;Spa;312
1107;Pool;312
1108;Parking Lot;313
1109;Playground;313
1110;Spa;313
1111;Pool;313
1112;Nightclub;313
1113;Parking Lot;314
1114;Playground;314
1115;Spa;314
1116;Pool;314
1117;Parking Lot;315
1118;Playground;315
1119;Spa;315
1120;Pool;315
1121;Parking Lot;316
1122;Playground;316
1123;Spa;316
1124;Parking Lot;317
1125;Playground;317
1126;Spa;317
1127;Pool;317
1128;Nightclub;317
1129;Parking Lot;318
1130;Playground;318
1131;Parking Lot;319
1132;Playground;319
1133;Spa;319
1134;Pool;319
1135;Nightclub;319
1136;Parking Lot;320
1137;Playground;320
1138;Spa;320
1139;Pool;320
1140;Nightclub;320
1141;Parking Lot;321
1142;Playground;321
1143;Spa;321
1144;Pool;321
1145;Nightclub;321
1146;Parking Lot;322
1147;Playground;322
1148;Spa;322
1149;Pool;322
1150;Nightclub;322
1151;Parking Lot;323
1152;Playground;323
1153;Spa;323
1154;Parking Lot;324
1155;Playground;324
1156;Spa;324
1157;Parking Lot;325
1158;Playground;325
1159;Spa;325
1160;Pool;325
1161;Nightclub;325
1162;Parking Lot;326
1163;Playground;326
1164;Spa;326
1165;Parking Lot;327
1166;Playground;327
1167;Spa;327
1168;Pool;327
1169;Nightclub;327
1170;Parking Lot;328
1171;Playground;328
1172;Parking Lot;329
1173;Playground;329
1174;Parking Lot;330
1175;Playground;330
1176;Spa;330
1177;Pool;330
1178;Nightclub;330
1179;Parking Lot;331
1180;Playground;331
1181;Spa;331
1182;Parking Lot;332
1183;Playground;332
1184;Spa;332
1185;Pool;332
1186;Nightclub;332
1187;Parking Lot;333
1188;Playground;333
1189;Spa;333
1190;Parking Lot;334
1191;Playground;334
1192;Spa;334
1193;Parking Lot;335
1194;Playground;335
1195;Spa;335
1196;Parking Lot;336
1197;Playground;336
1198;Parking Lot;337
1199;Playground;337
1200;Spa;337
1201;Pool;337
1202;Parking Lot;338
1203;Playground;338
1204;Spa;338
1205;Pool;338
1206;Nightclub;338
1207;Parking Lot;339
1208;Playground;339
1209;Parking Lot;340
1210;Playground;340
1211;Parking Lot;341
1212;Playground;341
1213;Parking Lot;342
1214;Playground;342
1215;Spa;342
1216;Pool;342
1217;Parking Lot;343
1218;Playground;343
1219;Spa;343
1220;Pool;343
1221;Parking Lot;344
1222;Playground;344
1223;Spa;344
1224;Parking Lot;345
1225;Playground;345
1226;Spa;345
1227;Pool;345
1228;Parking Lot;346
1229;Playground;346
1230;Spa;346
1231;Pool;346
1232;Nightclub;346
1233;Parking Lot;347
1234;Playground;347
1235;Spa;347
1236;Pool;347
1237;Nightclub;347
1238;Parking Lot;348
1239;Playground;348
1240;Spa;348
1241;Pool;348
1242;Nightclub;348
1243;Parking Lot;349
1244;Playground;349
1245;Spa;349
1246;Pool;349
1247;Nightclub;349
1248;Parking Lot;350
1249;Playground;350
1250;Spa;350
1251;Pool;350
1252;Parking Lot;351
1253;Playground;351
1254;Spa;351
1255;Pool;351
1256;Parking Lot;352
1257;Playground;352
1258;Spa;352
1259;Pool;352
1260;Parking Lot;353
1261;Playground;353
1262;Spa;353
1263;Parking Lot;354
1264;Playground;354
1265;Parking Lot;355
1266;Playground;355
1267;Spa;355
1268;Parking Lot;356
1269;Playground;356
1270;Spa;356
1271;Pool;356
1272;Parking Lot;357
1273;Playground;357
1274;Spa;357
1275;Parking Lot;358
1276;Playground;358
1277;Spa;358
1278;Pool;358
1279;Nightclub;358
1280;Parking Lot;359
1281;Playground;359
1282;Spa;359
1283;Pool;359
1284;Parking Lot;360
1285;Playground;360
1286;Spa;360
1287;Parking Lot;361
1288;Playground;361
1289;Spa;361
1290;Parking Lot;362
1291;Playground;362
1292;Parking Lot;363
1293;Playground;363
1294;Spa;363
1295;Parking Lot;364
1296;Playground;364
1297;Spa;364
1298;Parking Lot;365
1299;Playground;365
1300;Spa;365
1301;Pool;365
1302;Parking Lot;366
1303;Playground;366
1304;Spa;366
1305;Pool;366
1306;Nightclub;366
1307;Parking Lot;367
1308;Playground;367
1309;Spa;367
1310;Pool;367
1311;Parking Lot;368
1312;Playground;368
1313;Spa;368
1314;Pool;368
1315;Parking Lot;369
1316;Playground;369
1317;Spa;369
1318;Pool;369
1319;Parking Lot;370
1320;Playground;370
1321;Spa;370
1322;Parking Lot;371
1323;Playground;371
1324;Spa;371
1325;Pool;371
1326;Parking Lot;372
1327;Playground;372
1328;Parking Lot;373
1329;Playground;373
1330;Spa;373
1331;Pool;373
1332;Nightclub;373
1333;Parking Lot;374
1334;Playground;374
1335;Parking Lot;375
1336;Playground;375
1337;Spa;375
1338;Pool;375
1339;Parking Lot;376
1340;Playground;376
1341;Parking Lot;377
1342;Playground;377
1343;Parking Lot;378
1344;Playground;378
1345;Spa;378
1346;Pool;378
1347;Nightclub;378
1348;Parking Lot;379
1349;Playground;379
1350;Parking Lot;380
1351;Playground;380
1352;Parking Lot;381
1353;Playground;381
1354;Spa;381
1355;Parking Lot;382
1356;Playground;382
1357;Spa;382
1358;Parking Lot;383
1359;Playground;383
1360;Parking Lot;384
1361;Playground;384
1362;Spa;384
1363;Pool;384
1364;Nightclub;384
1365;Parking Lot;385
1366;Playground;385
1367;Spa;385
1368;Pool;385
1369;Parking Lot;386
1370;Playground;386
1371;Parking Lot;387
1372;Playground;387
1373;Spa;387
1374;Pool;387
1375;Parking Lot;388
1376;Playground;388
1377;Spa;388
1378;Pool;388
1379;Nightclub;388
1380;Parking Lot;389
1381;Playground;389
1382;Spa;389
1383;Pool;389
1384;Parking Lot;390
1385;Playground;390
1386;Spa;390
1387;Pool;390
1388;Parking Lot;391
1389;Playground;391
1390;Spa;391
1391;Parking Lot;392
1392;Playground;392
1393;Spa;392
1394;Parking Lot;393
1395;Playground;393
1396;Spa;393
1397;Pool;393
1398;Nightclub;393
1399;Parking Lot;394
1400;Playground;394
1401;Parking Lot;395
1402;Playground;395
1403;Spa;395
1404;Pool;395
1405;Nightclub;395
1406;Parking Lot;396
1407;Playground;396
1408;Spa;396
1409;Parking Lot;397
1410;Playground;397
1411;Spa;397
1412;Parking Lot;398
1413;Playground;398
1414;Spa;398
1415;Pool;398
1416;Parking Lot;399
1417;Playground;399
1418;Parking Lot;400
1419;Playground;400
1420;Spa;400
1421;Parking Lot;401
1422;Playground;401
1423;Spa;401
1424;Pool;401
1425;Nightclub;401
1426;Parking Lot;402
1427;Playground;402
1428;Parking Lot;403
1429;Playground;403
1430;Parking Lot;404
1431;Playground;404
1432;Spa;404
1433;Parking Lot;405
1434;Playground;405
1435;Spa;405
1436;Pool;405
